QID,Prediction
Q1,咆哮声放过出保一伏全靠调对g17横杆手握系统升级二代吸烟出气MP4出气MP4出气MP4出气MP4出气MP4出气MP4出气MP4出气MP4出气MP4出气MP4出气MP4出气MP4出气MP4出气MP4
Q2,咆哮声放过出保一伏全靠调对g17横杆手握系统升级二代吸烟出气MP4出气MP4出气MP4出气MP4出气MP4出气MP4出气MP4出气MP4出气MP4出气MP4出气MP4出气MP4出气MP4出气MP4
Q3,咆哮声放过出保一伏全靠调对g17横杆手握系统升级二代吸烟出气MP4出气MP4出气MP4出气MP4出气MP4出气MP4出气MP4出气MP4出气MP4出气MP4出气MP4出气MP4出气MP4出气MP4
Q4,咆哮声放过出保一伏全靠调对g17横杆手握系统升级二代吸烟出气MP4出气MP4出气MP4出气MP4出气MP4出气MP4出气MP4出气MP4出气MP4出气MP4出气MP4出气MP4出气MP4出气MP4
Q5,咆哮声放过出保一伏全靠调对g17横杆手握系统升级二代吸烟出气MP4出气MP4出气MP4出气MP4出气MP4出气MP4出气MP4出气MP4出气MP4出气MP4出气MP4出气MP4出气MP4出气MP4
Q6,咆哮声放过出保一伏全靠调对g17横杆手握系统升级二代吸烟出气MP4出气MP4出气MP4出气MP4出气MP4出气MP4出气MP4出气MP4出气MP4出气MP4出气MP4出气MP4出气MP4出气MP4
Q7,咆哮声放过出保一伏全靠调对g17横杆手握系统升级二代吸烟出气MP4出气MP4出气MP4出气MP4出气MP4出气MP4出气MP4出气MP4出气MP4出气MP4出气MP4出气MP4出气MP4出气MP4
Q8,咆哮声放过出保一伏全靠调对g17横杆手握系统升级二代吸烟出气MP4出气MP4出气MP4出气MP4出气MP4出气MP4出气MP4出气MP4出气MP4出气MP4出气MP4出气MP4出气MP4出气MP4
Q9,咆哮声放过出保一伏全靠调对g17横杆手握系统升级二代吸烟出气MP4出气MP4出气MP4出气MP4出气MP4出气MP4出气MP4出气MP4出气MP4出气MP4出气MP4出气MP4出气MP4出气MP4
Q10,咆哮声放过出保一伏全靠调对g17横杆手握系统升级二代吸烟出气MP4出气MP4出气MP4出气MP4出气MP4出气MP4出气MP4出气MP4出气MP4出气MP4出气MP4出气MP4出气MP4出气MP4
Q11,咆哮声放过出保一伏全靠调对g17横杆手握系统升级二代吸烟出气MP4出气MP4出气MP4出气MP4出气MP4出气MP4出气MP4出气MP4出气MP4出气MP4出气MP4出气MP4出气MP4出气MP4
Q12,咆哮声放过出保一伏全靠调对g17横杆手握系统升级二代吸烟出气MP4出气MP4出气MP4出气MP4出气MP4出气MP4出气MP4出气MP4出气MP4出气MP4出气MP4出气MP4出气MP4出气MP4
Q13,咆哮声放过出保一伏全靠调对g17横杆手握系统升级二代吸烟出气MP4出气MP4出气MP4出气MP4出气MP4出气MP4出气MP4出气MP4出气MP4出气MP4出气MP4出气MP4出气MP4出气MP4
Q14,咆哮声放过出保一伏全靠调对g17横杆手握系统升级二代吸烟出气MP4出气MP4出气MP4出气MP4出气MP4出气MP4出气MP4出气MP4出气MP4出气MP4出气MP4出气MP4出气MP4出气MP4
Q15,咆哮声放过出保一伏全靠调对g17横杆手握系统升级二代吸烟出气MP4出气MP4出气MP4出气MP4出气MP4出气MP4出气MP4出气MP4出气MP4出气MP4出气MP4出气MP4出气MP4出气MP4
Q16,咆哮声放过出保一伏全靠调对g17横杆手握系统升级二代吸烟出气MP4出气MP4出气MP4出气MP4出气MP4出气MP4出气MP4出气MP4出气MP4出气MP4出气MP4出气MP4出气MP4出气MP4
Q17,咆哮声放过出保一伏全靠调对g17横杆手握系统升级二代吸烟出气MP4出气MP4出气MP4出气MP4出气MP4出气MP4出气MP4出气MP4出气MP4出气MP4出气MP4出气MP4出气MP4出气MP4
Q18,咆哮声放过出保一伏全靠调对g17横杆手握系统升级二代吸烟出气MP4出气MP4出气MP4出气MP4出气MP4出气MP4出气MP4出气MP4出气MP4出气MP4出气MP4出气MP4出气MP4出气MP4
Q19,咆哮声放过出保一伏全靠调对g17横杆手握系统升级二代吸烟出气MP4出气MP4出气MP4出气MP4出气MP4出气MP4出气MP4出气MP4出气MP4出气MP4出气MP4出气MP4出气MP4出气MP4
Q20,咆哮声放过出保一伏全靠调对g17横杆手握系统升级二代吸烟出气MP4出气MP4出气MP4出气MP4出气MP4出气MP4出气MP4出气MP4出气MP4出气MP4出气MP4出气MP4出气MP4出气MP4
Q21,咆哮声放过出保一伏全靠调对g17横杆手握系统升级二代吸烟出气MP4出气MP4出气MP4出气MP4出气MP4出气MP4出气MP4出气MP4出气MP4出气MP4出气MP4出气MP4出气MP4出气MP4
Q22,咆哮声放过出保一伏全靠调对g17横杆手握系统升级二代吸烟出气MP4出气MP4出气MP4出气MP4出气MP4出气MP4出气MP4出气MP4出气MP4出气MP4出气MP4出气MP4出气MP4出气MP4
Q23,咆哮声放过出保一伏全靠调对g17横杆手握系统升级二代吸烟出气MP4出气MP4出气MP4出气MP4出气MP4出气MP4出气MP4出气MP4出气MP4出气MP4出气MP4出气MP4出气MP4出气MP4
Q24,咆哮声放过出保一伏全靠调对g17横杆手握系统升级二代吸烟出气MP4出气MP4出气MP4出气MP4出气MP4出气MP4出气MP4出气MP4出气MP4出气MP4出气MP4出气MP4出气MP4出气MP4
Q25,咆哮声放过出保一伏全靠调对g17横杆手握系统升级二代吸烟出气MP4出气MP4出气MP4出气MP4出气MP4出气MP4出气MP4出气MP4出气MP4出气MP4出气MP4出气MP4出气MP4出气MP4
Q26,咆哮声放过出保一伏全靠调对g17横杆手握系统升级二代吸烟出气MP4出气MP4出气MP4出气MP4出气MP4出气MP4出气MP4出气MP4出气MP4出气MP4出气MP4出气MP4出气MP4出气MP4
Q27,咆哮声放过出保一伏全靠调对g17横杆手握系统升级二代吸烟出气MP4出气MP4出气MP4出气MP4出气MP4出气MP4出气MP4出气MP4出气MP4出气MP4出气MP4出气MP4出气MP4出气MP4
Q28,咆哮声放过出保一伏全靠调对g17横杆手握系统升级二代吸烟出气MP4出气MP4出气MP4出气MP4出气MP4出气MP4出气MP4出气MP4出气MP4出气MP4出气MP4出气MP4出气MP4出气MP4
Q29,咆哮声放过出保一伏全靠调对g17横杆手握系统升级二代吸烟出气MP4出气MP4出气MP4出气MP4出气MP4出气MP4出气MP4出气MP4出气MP4出气MP4出气MP4出气MP4出气MP4出气MP4
Q30,咆哮声放过出保一伏全靠调对g17横杆手握系统升级二代吸烟出气MP4出气MP4出气MP4出气MP4出气MP4出气MP4出气MP4出气MP4出气MP4出气MP4出气MP4出气MP4出气MP4出气MP4
Q31,咆哮声放过出保一伏全靠调对g17横杆手握系统升级二代吸烟出气MP4出气MP4出气MP4出气MP4出气MP4出气MP4出气MP4出气MP4出气MP4出气MP4出气MP4出气MP4出气MP4出气MP4
Q32,咆哮声放过出保一伏全靠调对g17横杆手握系统升级二代吸烟出气MP4出气MP4出气MP4出气MP4出气MP4出气MP4出气MP4出气MP4出气MP4出气MP4出气MP4出气MP4出气MP4出气MP4
Q33,咆哮声放过出保一伏全靠调对g17横杆手握系统升级二代吸烟出气MP4出气MP4出气MP4出气MP4出气MP4出气MP4出气MP4出气MP4出气MP4出气MP4出气MP4出气MP4出气MP4出气MP4
Q34,咆哮声放过出保一伏全靠调对g17横杆手握系统升级二代吸烟出气MP4出气MP4出气MP4出气MP4出气MP4出气MP4出气MP4出气MP4出气MP4出气MP4出气MP4出气MP4出气MP4出气MP4
Q35,咆哮声放过出保一伏全靠调对g17横杆手握系统升级二代吸烟出气MP4出气MP4出气MP4出气MP4出气MP4出气MP4出气MP4出气MP4出气MP4出气MP4出气MP4出气MP4出气MP4出气MP4
Q36,咆哮声放过出保一伏全靠调对g17横杆手握系统升级二代吸烟出气MP4出气MP4出气MP4出气MP4出气MP4出气MP4出气MP4出气MP4出气MP4出气MP4出气MP4出气MP4出气MP4出气MP4
Q37,咆哮声放过出保一伏全靠调对g17横杆手握系统升级二代吸烟出气MP4出气MP4出气MP4出气MP4出气MP4出气MP4出气MP4出气MP4出气MP4出气MP4出气MP4出气MP4出气MP4出气MP4
Q38,咆哮声放过出保一伏全靠调对g17横杆手握系统升级二代吸烟出气MP4出气MP4出气MP4出气MP4出气MP4出气MP4出气MP4出气MP4出气MP4出气MP4出气MP4出气MP4出气MP4出气MP4
Q39,咆哮声放过出保一伏全靠调对g17横杆手握系统升级二代吸烟出气MP4出气MP4出气MP4出气MP4出气MP4出气MP4出气MP4出气MP4出气MP4出气MP4出气MP4出气MP4出气MP4出气MP4
Q40,咆哮声放过出保一伏全靠调对g17横杆手握系统升级二代吸烟出气MP4出气MP4出气MP4出气MP4出气MP4出气MP4出气MP4出气MP4出气MP4出气MP4出气MP4出气MP4出气MP4出气MP4
Q41,咆哮声放过出保一伏全靠调对g17横杆手握系统升级二代吸烟出气MP4出气MP4出气MP4出气MP4出气MP4出气MP4出气MP4出气MP4出气MP4出气MP4出气MP4出气MP4出气MP4出气MP4
Q42,咆哮声放过出保一伏全靠调对g17横杆手握系统升级二代吸烟出气MP4出气MP4出气MP4出气MP4出气MP4出气MP4出气MP4出气MP4出气MP4出气MP4出气MP4出气MP4出气MP4出气MP4
Q43,咆哮声放过出保一伏全靠调对g17横杆手握系统升级二代吸烟出气MP4出气MP4出气MP4出气MP4出气MP4出气MP4出气MP4出气MP4出气MP4出气MP4出气MP4出气MP4出气MP4出气MP4
Q44,咆哮声放过出保一伏全靠调对g17横杆手握系统升级二代吸烟出气MP4出气MP4出气MP4出气MP4出气MP4出气MP4出气MP4出气MP4出气MP4出气MP4出气MP4出气MP4出气MP4出气MP4
Q45,咆哮声放过出保一伏全靠调对g17横杆手握系统升级二代吸烟出气MP4出气MP4出气MP4出气MP4出气MP4出气MP4出气MP4出气MP4出气MP4出气MP4出气MP4出气MP4出气MP4出气MP4
Q46,咆哮声放过出保一伏全靠调对g17横杆手握系统升级二代吸烟出气MP4出气MP4出气MP4出气MP4出气MP4出气MP4出气MP4出气MP4出气MP4出气MP4出气MP4出气MP4出气MP4出气MP4
Q47,咆哮声放过出保一伏全靠调对g17横杆手握系统升级二代吸烟出气MP4出气MP4出气MP4出气MP4出气MP4出气MP4出气MP4出气MP4出气MP4出气MP4出气MP4出气MP4出气MP4出气MP4
Q48,咆哮声放过出保一伏全靠调对g17横杆手握系统升级二代吸烟出气MP4出气MP4出气MP4出气MP4出气MP4出气MP4出气MP4出气MP4出气MP4出气MP4出气MP4出气MP4出气MP4出气MP4
Q49,咆哮声放过出保一伏全靠调对g17横杆手握系统升级二代吸烟出气MP4出气MP4出气MP4出气MP4出气MP4出气MP4出气MP4出气MP4出气MP4出气MP4出气MP4出气MP4出气MP4出气MP4
Q50,咆哮声放过出保一伏全靠调对g17横杆手握系统升级二代吸烟出气MP4出气MP4出气MP4出气MP4出气MP4出气MP4出气MP4出气MP4出气MP4出气MP4出气MP4出气MP4出气MP4出气MP4
Q51,咆哮声放过出保一伏全靠调对g17横杆手握系统升级二代吸烟出气MP4出气MP4出气MP4出气MP4出气MP4出气MP4出气MP4出气MP4出气MP4出气MP4出气MP4出气MP4出气MP4出气MP4
Q52,咆哮声放过出保一伏全靠调对g17横杆手握系统升级二代吸烟出气MP4出气MP4出气MP4出气MP4出气MP4出气MP4出气MP4出气MP4出气MP4出气MP4出气MP4出气MP4出气MP4出气MP4
Q53,咆哮声放过出保一伏全靠调对g17横杆手握系统升级二代吸烟出气MP4出气MP4出气MP4出气MP4出气MP4出气MP4出气MP4出气MP4出气MP4出气MP4出气MP4出气MP4出气MP4出气MP4
Q54,咆哮声放过出保一伏全靠调对g17横杆手握系统升级二代吸烟出气MP4出气MP4出气MP4出气MP4出气MP4出气MP4出气MP4出气MP4出气MP4出气MP4出气MP4出气MP4出气MP4出气MP4
Q55,咆哮声放过出保一伏全靠调对g17横杆手握系统升级二代吸烟出气MP4出气MP4出气MP4出气MP4出气MP4出气MP4出气MP4出气MP4出气MP4出气MP4出气MP4出气MP4出气MP4出气MP4
Q56,咆哮声放过出保一伏全靠调对g17横杆手握系统升级二代吸烟出气MP4出气MP4出气MP4出气MP4出气MP4出气MP4出气MP4出气MP4出气MP4出气MP4出气MP4出气MP4出气MP4出气MP4
Q57,咆哮声放过出保一伏全靠调对g17横杆手握系统升级二代吸烟出气MP4出气MP4出气MP4出气MP4出气MP4出气MP4出气MP4出气MP4出气MP4出气MP4出气MP4出气MP4出气MP4出气MP4
Q58,咆哮声放过出保一伏全靠调对g17横杆手握系统升级二代吸烟出气MP4出气MP4出气MP4出气MP4出气MP4出气MP4出气MP4出气MP4出气MP4出气MP4出气MP4出气MP4出气MP4出气MP4
Q59,咆哮声放过出保一伏全靠调对g17横杆手握系统升级二代吸烟出气MP4出气MP4出气MP4出气MP4出气MP4出气MP4出气MP4出气MP4出气MP4出气MP4出气MP4出气MP4出气MP4出气MP4
Q60,咆哮声放过出保一伏全靠调对g17横杆手握系统升级二代吸烟出气MP4出气MP4出气MP4出气MP4出气MP4出气MP4出气MP4出气MP4出气MP4出气MP4出气MP4出气MP4出气MP4出气MP4
Q61,咆哮声放过出保一伏全靠调对g17横杆手握系统升级二代吸烟出气MP4出气MP4出气MP4出气MP4出气MP4出气MP4出气MP4出气MP4出气MP4出气MP4出气MP4出气MP4出气MP4出气MP4
Q62,咆哮声放过出保一伏全靠调对g17横杆手握系统升级二代吸烟出气MP4出气MP4出气MP4出气MP4出气MP4出气MP4出气MP4出气MP4出气MP4出气MP4出气MP4出气MP4出气MP4出气MP4
Q63,咆哮声放过出保一伏全靠调对g17横杆手握系统升级二代吸烟出气MP4出气MP4出气MP4出气MP4出气MP4出气MP4出气MP4出气MP4出气MP4出气MP4出气MP4出气MP4出气MP4出气MP4
Q64,咆哮声放过出保一伏全靠调对g17横杆手握系统升级二代吸烟出气MP4出气MP4出气MP4出气MP4出气MP4出气MP4出气MP4出气MP4出气MP4出气MP4出气MP4出气MP4出气MP4出气MP4
